<?xml version="1.0" encoding="UTF-8"?>
<!DOCTYPE mapper
PUBLIC "-//mybatis.org//DTD Mapper 3.0//EN" "http://mybatis.org/dtd/mybatis-3-mapper.dtd">

<mapper namespace="com.ddns.dao.Manag_User_Log_TblDao">
 <resultMap id="ListManageMentUserLogTblMap" type="java.util.LinkedHashMap">
 	<result column="row_idx" property="No." jdbcType="INTEGER" javaType="int"/>
 	<result column="idx_num" property="idx_num" jdbcType="INTEGER" javaType="int"/>
 	<result column="app_access_id" property="APP_ACCESS_ID" jdbcType="VARCHAR" javaType="String"/>
	<result column="app_access_id" property="APP_ACCESS_ID" jdbcType="VARCHAR" javaType="String"/>
	<result column="app_date" property="APP_DATE" jdbcType="TIMESTAMP" javaType="java.sql.Timestamp"/>
	<result column="cms_access_id" property="CMS_ACCESS_ID" jdbcType="VARCHAR" javaType="String"/>
	<result column="cms_date" property="CMS_DATE" jdbcType="TIMESTAMP" javaType="java.sql.Timestamp"/>
	<result column="device_protocol_type" property="DEVICE_PROTOCOL_TYPE" jdbcType="VARCHAR" javaType="String"/>
	<result column="device_protocol_date" property="DEVICE_PROTOCOL_DATE" jdbcType="TIMESTAMP" javaType="java.sql.Timestamp"/>
	
</resultMap>

	<insert id="insert_update_ManagementUserLogTbl" parameterType="Manag_User_Log_Tbl">
		INSERT INTO management_user_log_tbl (mac_address, app_date, app_access_id,
		 cms_date, cms_access_id, device_protocol_date,
		device_protocol_type, api_type,api_access_time)
		 VALUES (#{mac_address}, now(), #{app_access_id},now(), #{cms_access_id}, now(), 
		 #{device_protocol_type},#{api_type} , now()) ON CONFLICT(mac_address) 
		  DO UPDATE
		  SET api_type =  #{api_type} ,api_access_time= now()
		  	<choose>
		<when test="app_date !=null and !app_access_id.equals('')">
			  ,app_date =  #{app_date} , app_access_id = #{app_access_id}
		</when>
		<when test="cms_date !=null and !cms_access_id.equals('')">
		,cms_date = #{cms_date} , cms_access_id =  #{cms_access_id}
		</when>
		<when test="device_protocol_date !=null and !device_protocol_type.equals('')">
		  ,device_protocol_date =  #{device_protocol_date},device_protocol_type = #{device_protocol_type}
		  </when>
		<otherwise>
		</otherwise>
	</choose>
	</insert>
	
	<select id="count_ManagementUserLogTbl" parameterType="Manag_User_Log_Tbl" resultType="int">
		select count(*) from management_user_log_tbl where api_type is not null
		<if test="app_date != null">
			and app_date = #{app_date} and  app_access_id is not null
		</if>
		<if  test="cms_date !=null">
			and cms_date = #{cms_date} and cms_access_id is not null
		</if>
		<if test="device_protocol_date !=null">
		   and device_protocol_date =  #{device_protocol_date} and device_protocol_type is not null
		</if>
	</select>
		  
	<select id="select_ManagementUserLogTbl"
	 parameterType="map" 
	resultType="java.util.LinkedHashMap" fetchSize="2048">
		select row_idx , mac_address, app_register_type , app_access_id, app_date,  
		cms_access_id, cms_date,device_protocol_type,
		device_protocol_date from  
		(select row_number() over (order by ${sort} ${direction} nulls last) as row_idx , *
		 from management_user_log_tbl where api_type is not null
		<if test="app_date != null">
			and app_date = #{app_date} and app_access_id is not null
		</if>
		<if  test="cms_date !=null">
			and cms_date = #{cms_date} and cms_access_id is not null
		</if>
		<if test="device_protocol_date !=null">
		   and device_protocol_date = #{device_protocol_date} and device_protocol_type is not null
		</if>
		) as t1 
		<if test="offset !=null">
			limit 10 offset #{offset}
		</if>
	</select>
	
	<select id="count_accesslog_where_search_type" parameterType="map" resultType="int">
		select count(*) from management_user_log_tbl where ${search_type} like CONCAT('%',#{search_word},'%')
	</select>
	
	<select id="select_accesslog_where_search_type" parameterType="map" resultType="java.util.LinkedHashMap">
		select row_idx , mac_address,  app_register_type ,app_access_id, app_date,  
		cms_access_id , cms_date,device_protocol_type,
		device_protocol_date from 
		(select row_number() over (order by ${sort} ${direction} nulls last) as row_idx , *
		 from management_user_log_tbl where api_type is not null and ${search_type} like CONCAT('%',#{search_word},'%')
		 	) as t1 
		<if test="offset !=null">
			limit 10 offset #{offset}
		</if>
	</select>
	
	<select id="count_accesslog_where_create_date" parameterType="map" resultType="int">
		select count(*) from management_user_log_tbl where
			<choose>
			<when test="search_time_type !=null and search_time_type.equals('app_access_id')">
				 ${search_time_type} is not null and app_date >= date '${start_create_date}' and app_date &lt; date '${end_create_date}' + interval '1 day'
			</when>
			<when test="search_time_type !=null and search_time_type.equals('cms_access_id')">
				 ${search_time_type} is not null and cms_date >= date '${start_create_date}' and cms_date &lt; date '${end_create_date}' + interval '1 day'
			</when>
			<when test="search_time_type !=null and search_time_type.equals('device_protocol_type')">
				 ${search_time_type} is not null and device_protocol_date >= date '${start_create_date}' and device_protocol_date &lt; date '${end_create_date}' + interval '1 day'
			</when>
			<otherwise>
				 api_access_time >= date '${start_create_date}' and api_access_time &lt; date '${end_create_date}' + interval '1 day'
			</otherwise>
		</choose>
		
	
	</select>
	<select id="select_accesslog_where_create_date" parameterType="map" resultType="java.util.LinkedHashMap">
		select row_idx , mac_address, app_register_type , app_access_id, app_date,  
		 cms_access_id , cms_date,device_protocol_type ,
		device_protocol_date from 
		(select row_number() over (order by ${sort} ${direction} nulls last) as row_idx , *
		 from management_user_log_tbl where 
		<choose>
			<when test="search_time_type !=null and search_time_type.equals('app_access_id')">
				 ${search_time_type} is not null and app_date >= date '${start_create_date}' and app_date &lt; date '${end_create_date}' + interval '1 day'
			</when>
			<when test="search_time_type !=null and search_time_type.equals('cms_access_id')">
				 ${search_time_type} is not null and cms_date >= date '${start_create_date}' and cms_date &lt; date '${end_create_date}' + interval '1 day'
			</when>
			<when test="search_time_type !=null and search_time_type.equals('device_protocol_type')">
				 ${search_time_type} is not null and device_protocol_date >= date '${start_create_date}' and device_protocol_date &lt; date '${end_create_date}' + interval '1 day'
			</when>
			<otherwise>
				 api_access_time >= date '${start_create_date}' and api_access_time &lt; date '${end_create_date}' + interval '1 day'
			</otherwise>
		</choose>
		 	) as t1 
		<if test="offset !=null">
			limit 10 offset #{offset}
		</if>
	</select>
	
		<select id="select_accesslog_excel" parameterType="map" resultType="java.util.LinkedHashMap" fetchSize="10000">
			select row_idx , mac_address,   app_access_id ,  app_date, cms_access_id ,cms_date,
			 device_protocol_type,  device_protocol_date , app_register_type 
			 from  (select row_number() over (order by ${sort} ${direction} nulls last) as row_idx , *
		           from managment_user_log_tbl_excel_view_0 ) as t1 
		<choose>
			<when test="offset != null and offset gte 0">
				limit 10 offset #{offset}
			</when>
			<when test="offset != null  and offset lt 0 ">
				limit 100000 offset ((#{offset} +1)* -1)
			</when>
			<otherwise>
				limit 100000 offset #{offset}
			</otherwise>
		</choose>
	</select>
		<select id="select_accesslog_where_create_date_excel" parameterType="map" resultType="java.util.LinkedHashMap" fetchSize="10000">
			select t1.row_idx as row_idx ,COALESCE( mac_address ,'') as mac_address, app_register_type as app_register_type
			COALESCE(t1.app_access_id, '') as app_access_id , 
			   CASE
           		 WHEN t1.app_access_id IS NOT NULL THEN to_char(t1.app_date, 'YYYY-MM-DD HH24:MI:SS'::text)
           		 ELSE '-'::text
       		   END AS app_date, 
			COALESCE(t1.cms_access_id,'') as cms_access_id ,
			   CASE
           		 WHEN t1.app_access_id IS NOT NULL THEN to_char(t1.cms_date, 'YYYY-MM-DD HH24:MI:SS'::text)
           		 ELSE '-'::text
       		   END AS cms_date, 
			COALESCE(t1.device_protocol_type,'') as device_protocol_type, 
				COALESCE(t1.cms_access_id,'') as cms_access_id ,
			   CASE
           		 WHEN t1.app_access_id IS NOT NULL THEN to_char(t1.device_protocol_date, 'YYYY-MM-DD HH24:MI:SS'::text)
           		 ELSE '-'::text
       		   END AS device_protocol_date, 
			 from  (
			 	select row_number() over (order by ${sort} ${direction} nulls last) as row_idx , *
		           from management_user_log_tbl where 
		   <choose>
			<when test="search_time_type !=null and search_time_type.equals('app_access_id')">
				 ${search_time_type} is not null and app_date >= date '${start_create_date}' and app_date &lt; date '${end_create_date}' + interval '1 day'
			</when>
			<when test="search_time_type !=null and search_time_type.equals('cms_access_id')">
				 ${search_time_type} is not null and cms_date >= date '${start_create_date}' and cms_date &lt; date '${end_create_date}' + interval '1 day'
			</when>
			<when test="search_time_type !=null and search_time_type.equals('device_protocol_type')">
				 ${search_time_type} is not null and device_protocol_date >= date '${start_create_date}' and device_protocol_date &lt; date '${end_create_date}' + interval '1 day'
			</when>
			<otherwise>
				 api_access_time >= date '${start_create_date}' and api_access_time &lt; date '${end_create_date}' + interval '1 day'
			</otherwise>
		</choose>
		 	) as t1 
		
		<choose>
			<when test="offset != null and offset gte 0">
				limit 10 offset #{offset}
			</when>
			<when test="offset != null  and offset lt 0 ">
				limit 100000 offset ((#{offset} +1)* -1)
			</when>
			<otherwise>
				limit 10000 offset #{offset}
			</otherwise>
		</choose>
	</select>
	<select id="select_accesslog_where_search_type_excel" parameterType="map" resultType="java.util.LinkedHashMap">
				select row_idx , mac_address,   app_access_id ,  app_date, cms_access_id ,cms_date,
			 device_protocol_type,  device_protocol_date , app_register_type as app_register_type
			 from  
			 (select row_number() over (order by ${sort} ${direction} nulls last) as row_idx , *
		           from managment_user_log_tbl_excel_view_0  where  ${search_type} like CONCAT('%',#{search_word},'%'))
		           as t1
		<choose>
			<when test="offset != null and offset gte 0">
				limit 10 offset #{offset}
			</when>
			<when test="offset != null  and offset lt 0 ">
				limit 100000 offset ((#{offset} +1)* -1)
			</when>
			<otherwise>
				limit 10000 offset #{offset}
			</otherwise>
		</choose>
	</select>
	
	
</mapper>